M,Only host,Only host + svm,svm + gpu,only gpu
1,0.000000,0.000000,1.746094,1.093750
2,0.000000,0.000000,2.244141,0.710938
3,0.000000,0.000000,1.990234,0.386719
4,0.000000,0.000000,0.820313,0.363281
5,0.000000,0.000000,1.123047,0.402344
6,0.000000,0.000000,0.867188,0.343750
7,0.000000,0.000000,0.808594,0.345703
8,0.000000,0.000000,0.839844,0.349609
9,0.000000,0.000000,0.814453,0.414063
10,0.000000,0.000000,1.164063,0.546875
11,0.000000,0.000000,1.169922,0.507813
12,0.000000,0.000000,0.974609,0.392578
13,0.000000,0.000000,0.921875,0.367188
14,0.000000,0.000000,0.765625,0.349609
15,0.000000,0.000000,0.757813,0.349609
16,0.000000,0.000000,0.851563,0.349609
17,0.000000,0.000000,0.771484,0.355469
18,0.000000,0.000000,0.808594,0.353516
19,0.000000,0.000000,0.744141,0.351563
20,0.000000,0.000000,0.736328,0.353516
21,0.000000,0.000000,0.751953,0.357422
22,0.000000,0.000000,0.878906,0.453125
23,0.000000,0.000000,2.001953,0.521484
24,0.000000,0.000000,1.173828,0.404297
25,0.000000,0.000000,0.923828,0.406250
26,0.000000,0.000000,0.785156,0.369141
27,0.000000,0.000000,0.808594,0.373047
28,0.000000,0.000000,0.804688,0.369141
29,0.000000,0.000000,0.798828,0.367188
30,0.000000,0.000000,0.783203,0.373047
31,0.000000,0.000000,0.789063,0.375000
32,0.000000,0.000000,0.859375,0.384766
33,0.000000,0.000000,0.851563,0.384766
34,0.000000,0.000000,1.078125,0.498047
35,0.000000,0.000000,1.154297,0.447266
36,0.000000,0.000000,0.906250,0.457031
37,0.000000,0.000000,0.958984,0.410156
38,0.000000,0.000000,0.861328,0.427734
39,0.000000,0.000000,0.800781,0.404297
40,0.000000,0.000000,0.832031,0.412109
41,0.000000,0.000000,0.824219,0.427734
42,0.000000,0.000000,0.873047,0.414063
43,0.000000,0.000000,0.789063,0.416016
44,0.000000,0.000000,0.810547,0.425781
45,0.000000,0.000000,0.863281,0.468750
46,0.000000,0.000000,1.074219,0.464844
47,0.000000,0.000000,0.912109,0.429688
48,0.000000,0.000000,1.050781,0.437500
49,0.000000,0.000000,0.857422,0.439453
50,0.000000,0.000000,0.896484,0.433594
51,0.000000,0.000000,0.869141,0.441406
52,0.000000,0.000000,0.904297,0.441406
53,0.000000,0.000000,0.800781,0.457031
54,0.000000,0.000000,0.853516,0.466797
55,0.000000,0.000000,0.833984,0.482422
56,0.000000,0.000000,1.289063,0.435547
57,0.000000,0.000000,0.800781,0.494141
58,0.000000,0.000000,1.009766,0.466797
59,0.000000,0.000000,0.812500,0.453125
60,0.000000,0.000000,0.812500,0.457031
61,0.000000,0.000000,0.837891,0.457031
62,0.000000,0.000000,0.886719,0.468750
63,0.000000,0.000000,0.816406,0.470703
64,0.000000,0.000000,0.800781,0.445313
65,0.000000,0.000000,0.859375,0.458984
66,0.000000,0.000000,0.812500,0.462891
67,0.000000,0.000000,0.898438,0.517578
68,0.000000,0.000000,1.423828,0.498047
69,0.000000,0.000000,1.037109,0.537109
70,0.000000,0.000000,0.998047,0.501953
71,0.000000,0.000000,0.873047,0.501953
72,0.000000,0.000000,0.833984,0.466797
73,0.000000,0.000000,0.822266,0.480469
74,0.000000,0.000000,0.849609,0.496094
75,0.000000,0.000000,0.953125,0.498047
76,0.000000,0.000000,0.876953,0.503906
77,0.000000,0.000000,0.937500,0.509766
78,0.000000,0.000000,1.056641,0.525391
79,0.000000,0.000000,0.873047,0.496094
80,0.000000,0.000000,1.017578,0.564453
81,0.000000,0.000000,0.986328,0.517578
82,0.000000,0.000000,1.384766,0.535156
83,0.000000,0.000000,1.085938,0.533203
84,0.000000,0.000000,0.937500,0.546875
85,0.000000,0.000000,0.927734,0.531250
86,0.000000,0.000000,1.082031,0.519531
87,0.000000,0.000000,0.919922,0.554688
88,0.000000,0.000000,0.964844,0.556641
89,0.000000,0.000000,0.960938,0.568359
90,0.000000,0.000000,0.960938,0.615234
91,0.000000,0.000000,0.966797,0.628906
92,0.000000,0.000000,0.953125,0.550781
93,0.000000,0.000000,0.931641,0.566406
94,0.000000,0.000000,1.044922,0.568359
95,0.000000,0.000000,1.009766,0.617188
96,0.000000,0.000000,0.941406,0.529297
97,0.000000,0.000000,0.916016,0.611328
98,0.000000,0.000000,1.105469,0.572266
99,0.000000,0.000000,1.050781,0.583984
100,0.000000,0.000000,0.992188,0.597656
101,0.000000,0.000000,1.091797,0.658203
102,0.000000,0.000000,1.054688,0.574219
103,0.000000,0.000000,1.082031,0.589844
104,0.000000,0.000000,1.187500,0.599609
105,0.000000,0.000000,1.015625,0.615234
106,0.000000,0.000000,1.044922,0.832031
107,0.000000,0.000000,1.193359,0.644531
108,0.000000,0.000000,1.080078,0.617188
109,0.000000,0.000000,1.201172,0.626953
110,0.000000,0.000000,1.318359,0.900391
111,0.000000,0.000000,1.099609,0.607422
112,0.000000,0.000000,1.060547,0.658203
113,0.000000,0.000000,1.074219,0.638672
114,0.000000,0.000000,1.251953,0.746094
115,0.000000,0.000000,1.333984,0.669922
116,0.000000,0.000000,1.150391,0.628906
117,0.000000,0.000000,1.078125,0.642578
118,0.000000,0.000000,1.167969,0.664063
119,0.000000,0.000000,1.269531,0.683594
120,0.000000,0.000000,1.162109,0.638672
121,0.000000,0.000000,1.097656,0.708984
122,0.000000,0.000000,1.082031,0.720703
123,0.000000,0.000000,1.328125,0.699219
124,0.000000,0.000000,1.117188,0.744141
125,0.000000,0.000000,1.349609,0.685547
126,0.000000,0.000000,1.123047,0.703125
127,0.000000,0.000000,1.230469,0.884766
128,0.000000,0.000000,1.080078,0.675781
129,0.000000,0.000000,1.158203,0.693359
130,0.000000,0.000000,1.166016,0.773438
131,0.000000,0.000000,1.417969,0.792969
132,0.000000,0.000000,1.277344,0.707031
133,0.000000,0.000000,1.302734,0.736328
134,0.000000,0.000000,1.208984,0.740234
135,0.000000,0.000000,1.324219,0.953125
136,0.000000,0.000000,1.232422,0.722656
137,0.000000,0.000000,1.187500,0.759766
138,0.000000,0.000000,1.699219,0.980469
139,0.000000,0.000000,1.371094,0.787109
140,0.000000,0.000000,1.275391,0.746094
141,0.000000,0.000000,1.230469,0.818359
142,0.000000,0.000000,1.289063,0.789063
143,0.000000,0.000000,1.876953,0.867188
144,0.000000,0.000000,1.261719,0.783203
145,0.000000,0.000000,1.744141,0.912109
146,0.000000,0.000000,1.332031,0.835938
147,0.000000,0.000000,1.298828,0.812500
148,0.000000,0.000000,1.285156,0.794922
149,0.000000,0.000000,1.322266,0.828125
150,0.000000,0.000000,1.816406,0.886719
151,0.000000,0.000000,1.535156,1.101563
152,0.000000,0.000000,1.662109,0.894531
153,0.000000,0.000000,1.339844,0.855469
154,0.000000,0.000000,1.273438,0.826172
155,0.000000,0.000000,1.761719,0.871094
156,0.000000,0.000000,1.421875,0.884766
157,0.000000,0.000000,1.806641,0.941406
158,0.000000,0.000000,1.462891,0.890625
159,0.000000,0.000000,1.375000,0.884766
160,0.000000,0.000000,1.408203,0.818359
161,0.000000,0.000000,1.378906,0.871094
162,0.000000,0.000000,1.408203,0.941406
163,0.000000,0.000000,1.402344,1.119141
164,0.000000,0.000000,2.414063,1.109375
165,0.000000,0.000000,1.439453,0.929688
166,0.000000,0.000000,1.503906,1.021484
167,0.000000,0.000000,1.371094,0.888672
168,0.000000,0.000000,1.566406,0.923828
169,0.000000,0.000000,1.460938,1.177734
170,0.000000,0.000000,1.775391,0.960938
171,0.000000,0.000000,1.437500,0.935547
172,0.000000,0.000000,1.550781,1.080078
173,0.000000,0.000000,1.441406,0.916016
174,0.000000,0.000000,1.423828,0.978516
175,0.000000,0.000000,1.515625,1.125000
176,0.000000,0.000000,1.923828,1.132813
177,0.000000,0.000000,1.603516,1.041016
178,0.000000,0.000000,1.685547,1.029297
179,0.000000,0.000000,1.558594,1.144531
180,0.000000,0.000000,1.880859,1.302734
181,0.000000,0.000000,1.835938,1.195313
182,0.000000,0.000000,1.636719,1.103516
183,0.000000,0.000000,1.726563,1.173828
184,0.000000,0.000000,1.630859,1.093750
185,0.000000,0.000000,1.636719,1.115234
186,0.000000,0.000000,2.039063,1.171875
187,0.000000,0.000000,1.753906,1.158203
188,0.000000,0.000000,1.625000,1.187500
189,0.000000,0.000000,1.708984,1.238281
190,0.000000,0.000000,1.652344,1.169922
191,0.000000,0.000000,1.767578,1.449219
192,0.000000,0.000000,1.664063,1.160156
193,0.000000,0.000000,1.888672,1.343750
194,0.000000,0.000000,2.117188,1.257813
195,0.000000,0.000000,1.662109,1.185547
196,0.000000,0.000000,1.742188,1.271484
197,0.000000,0.000000,1.783203,1.289063
198,0.000000,0.000000,1.900391,1.830078
199,0.000000,0.000000,3.000000,1.341797
200,0.000000,0.000000,1.738281,1.212891
201,0.000000,0.000000,1.763672,1.255859
202,0.000000,0.000000,1.769531,1.289063
203,0.000000,0.000000,3.013672,2.255859
204,0.000000,0.000000,2.152344,1.302734
205,0.000000,0.000000,1.841797,1.291016
206,0.000000,0.000000,1.814453,1.345703
207,0.000000,0.000000,1.964844,1.785156
208,0.000000,0.000000,3.498047,1.371094
209,0.000000,0.000000,1.896484,1.404297
210,0.000000,0.000000,1.988281,1.279297
211,0.000000,0.000000,2.029297,1.533203
212,0.000000,0.000000,2.662109,2.416016
213,0.000000,0.000000,2.896484,1.644531
214,0.000000,0.000000,2.039063,1.398438
215,0.000000,0.000000,2.240234,2.076172
216,0.000000,0.000000,3.408203,2.587891
217,0.000000,0.000000,2.826172,1.546875
218,0.000000,0.000000,2.162109,1.728516
219,0.000000,0.000000,4.078125,2.533203
220,0.000000,0.000000,2.277344,1.423828
221,0.000000,0.000000,1.953125,1.476563
222,0.000000,0.000000,2.574219,2.537109
223,0.000000,0.000000,4.042969,1.898438
224,0.000000,0.000000,1.857422,1.355469
225,0.000000,0.000000,2.349609,1.814453
226,0.000000,0.000000,3.343750,1.941406
227,0.000000,0.000000,2.390625,1.455078
228,0.000000,0.000000,2.031250,1.519531
229,0.000000,0.000000,2.125000,1.615234
230,0.000000,0.000000,3.367188,2.273438
231,0.000000,0.000000,2.070313,1.572266
232,0.000000,0.000000,2.072266,2.101563
233,0.000000,0.000000,2.218750,1.794922
234,0.000000,0.000000,3.509766,1.591797
235,0.000000,0.000000,2.115234,1.570313
236,0.000000,0.000000,2.007813,1.740234
237,0.000000,0.000000,2.195313,1.853516
238,0.000000,0.000000,2.064453,1.644531
239,0.000000,0.000000,2.142578,1.613281
240,0.000000,0.000000,2.466797,1.767578
241,0.000000,0.000000,2.236328,1.789063
242,0.000000,0.000000,2.585938,1.583984
243,0.000000,0.000000,2.220703,1.697266
244,0.000000,0.000000,2.156250,1.644531
245,0.000000,0.000000,2.175781,1.615234
246,0.000000,0.000000,2.414063,1.626953
247,0.000000,0.000000,2.232422,1.691406
248,0.000000,0.000000,2.162109,1.787109
249,0.000000,0.000000,2.277344,1.732422
250,0.000000,0.000000,2.701172,1.835938
251,0.000000,0.000000,2.412109,1.810547
252,0.000000,0.000000,2.750000,1.810547
253,0.000000,0.000000,2.539063,1.857422
254,0.000000,0.000000,2.564453,1.919922
255,0.000000,0.000000,2.410156,1.855469
256,0.000000,0.000000,2.757813,1.826172
257,0.000000,0.000000,2.445313,2.044922
258,0.000000,0.000000,2.804688,2.046875
259,0.000000,0.000000,2.642578,1.925781
260,0.000000,0.000000,2.488281,1.835938
261,0.000000,0.000000,4.214844,3.009766
262,0.000000,0.000000,3.291016,1.896484
263,0.000000,0.000000,2.521484,2.052734
264,0.000000,0.000000,4.593750,2.519531
265,0.000000,0.000000,3.031250,1.986328
266,0.000000,0.000000,2.875000,2.623047
267,0.000000,0.000000,4.550781,2.361328
268,0.000000,0.000000,2.865234,2.017578
269,0.000000,0.000000,3.064453,2.888672
270,0.000000,0.000000,3.603516,2.291016
271,0.000000,0.000000,3.197266,2.658203
272,0.000000,0.000000,2.972656,3.025391
273,0.000000,0.000000,4.664063,2.281250
274,0.000000,0.000000,3.718750,2.488281
275,0.000000,0.000000,6.347656,2.800781
276,0.000000,0.000000,3.093750,2.162109
277,0.000000,0.000000,3.878906,3.925781
278,0.000000,0.000000,3.265625,2.251953
279,0.000000,0.000000,3.039063,2.544922
280,0.000000,0.000000,4.136719,2.361328
281,0.000000,0.000000,2.736328,2.193359
282,0.000000,0.000000,2.794922,2.667969
283,0.000000,0.000000,3.876953,2.226563
284,0.000000,0.000000,2.871094,2.261719
285,0.000000,0.000000,3.382813,2.746094
286,0.000000,0.000000,3.410156,2.236328
287,0.000000,0.000000,2.880859,2.148438
288,0.000000,0.000000,3.111328,2.412109
289,0.000000,0.000000,2.787109,2.296875
290,0.000000,0.000000,2.837891,2.134766
291,0.000000,0.000000,2.753906,2.685547
292,0.000000,0.000000,2.996094,2.261719
293,0.000000,0.000000,2.957031,2.302734
294,0.000000,0.000000,3.007813,2.695313
295,0.000000,0.000000,3.048828,2.330078
296,0.000000,0.000000,2.917969,2.533203
297,0.000000,0.000000,3.035156,2.769531
298,0.000000,0.000000,3.058594,2.714844
299,0.000000,0.000000,2.943359,2.611328
300,0.000000,0.000000,3.617188,2.763672
301,0.000000,0.000000,3.060547,2.539063
302,0.000000,0.000000,2.855469,2.935547
303,0.000000,0.000000,3.312500,2.625000
304,0.000000,0.000000,3.111328,2.625000
305,0.000000,0.000000,3.298828,2.650391
306,0.000000,0.000000,3.738281,2.863281
307,0.000000,0.000000,3.291016,2.832031
308,0.000000,0.000000,3.318359,3.197266
309,0.000000,0.000000,3.404297,2.964844
310,0.000000,0.000000,3.519531,3.154297
311,0.000000,0.000000,3.703125,2.951172
312,0.000000,0.000000,3.242188,2.806641
313,0.000000,0.000000,3.535156,3.378906
314,0.000000,0.000000,3.431641,2.962891
315,0.000000,0.000000,3.435547,2.968750
316,0.000000,0.000000,3.859375,3.033203
317,0.000000,0.000000,3.273438,2.869141
318,0.000000,0.000000,3.361328,3.419922
319,0.000000,0.000000,3.621094,2.974609
320,0.000000,0.000000,3.330078,2.826172
321,0.000000,0.000000,3.812500,3.316406
322,0.000000,0.000000,3.375000,2.904297
323,0.000000,0.000000,3.425781,3.345703
324,0.000000,0.000000,3.441406,3.115234
325,0.000000,0.000000,3.281250,2.962891
326,0.000000,0.000000,4.000000,3.416016
327,0.000000,0.000000,4.039063,3.167969
328,0.000000,0.000000,3.830078,3.119141
329,0.000000,0.000000,3.445313,3.054688
330,0.000000,0.000000,3.371094,3.783203
331,0.000000,0.000000,3.910156,3.425781
332,0.000000,0.000000,3.748047,3.439453
333,0.000000,0.000000,3.824219,3.310547
334,0.000000,0.000000,3.558594,3.283203
335,0.000000,0.000000,3.832031,3.720703
336,0.000000,0.000000,4.376953,3.416016
337,0.000000,0.000000,4.345703,4.451172
338,0.000000,0.000000,4.380859,3.781250
339,0.000000,0.000000,3.521484,4.933594
340,0.000000,0.000000,5.021484,3.691406
341,0.000000,0.000000,4.480469,4.919922
342,0.000000,0.000000,4.591797,3.060547
343,0.000000,0.000000,4.601563,5.017578
344,0.000000,0.000000,4.896484,3.312500
345,0.000000,0.000000,4.097656,3.662109
346,0.000000,0.000000,3.996094,3.583984
347,0.000000,0.000000,4.269531,3.519531
348,0.000000,0.000000,3.906250,3.271484
349,0.000000,0.000000,4.207031,3.244141
350,0.000000,0.000000,3.736328,3.388672
351,0.000000,0.000000,3.605469,3.312500
352,0.000000,0.000000,4.107422,3.408203
353,0.000000,0.000000,4.035156,3.375000
354,0.000000,0.000000,4.408203,3.455078
355,0.000000,0.000000,3.820313,3.564453
356,0.000000,0.000000,4.640625,3.722656
357,0.000000,0.000000,4.406250,3.621094
358,0.000000,0.000000,4.376953,3.798828
359,0.000000,0.000000,4.375000,3.802734
360,0.000000,0.000000,4.644531,3.552734
361,0.000000,0.000000,4.068359,3.955078
362,0.000000,0.000000,4.625000,3.769531
363,0.000000,0.000000,4.173828,4.103516
364,0.000000,0.000000,4.599609,3.812500
365,0.000000,0.000000,4.699219,4.015625
366,0.000000,0.000000,4.410156,3.898438
367,0.000000,0.000000,4.931641,3.968750
368,0.000000,0.000000,4.914063,3.830078
369,0.000000,0.000000,4.509766,4.195313
370,0.000000,0.000000,4.519531,4.085938
371,0.000000,0.000000,4.337891,3.927734
372,0.000000,0.000000,4.382813,3.869141
373,0.000000,0.000000,5.000000,4.427734
374,0.000000,0.000000,4.878906,4.134766
375,0.000000,0.000000,4.626953,4.367188
376,0.000000,0.000000,4.673828,4.234375
377,0.000000,0.000000,4.876953,4.263672
378,0.000000,0.000000,4.603516,4.109375
379,0.000000,0.000000,4.574219,4.582031
380,0.000000,0.000000,5.271484,4.175781
381,0.000000,0.000000,6.435547,5.222656
382,0.000000,0.000000,5.408203,6.158203
383,0.000000,0.000000,5.273438,4.408203
384,0.000000,0.000000,6.736328,4.685547
385,0.000000,0.000000,5.533203,6.394531
386,0.000000,0.000000,5.966797,4.714844
387,0.000000,0.000000,6.335938,4.593750
388,0.000000,0.000000,5.546875,4.949219
389,0.000000,0.000000,5.392578,4.656250
390,0.000000,0.000000,5.435547,4.593750
391,0.000000,0.000000,5.009766,4.564453
392,0.000000,0.000000,4.910156,4.115234
393,0.000000,0.000000,5.257813,5.025391
394,0.000000,0.000000,5.140625,4.517578
395,0.000000,0.000000,4.974609,4.646484
396,0.000000,0.000000,5.062500,4.490234
397,0.000000,0.000000,5.271484,4.654297
398,0.000000,0.000000,5.150391,4.615234
399,0.000000,0.000000,5.974609,4.710938
400,0.000000,0.000000,6.240234,5.468750
401,0.000000,0.000000,5.427734,7.263672
402,0.000000,0.000000,6.449219,5.447266
403,0.000000,0.000000,8.000000,5.234375
404,0.000000,0.000000,7.554688,6.183594
405,0.000000,0.000000,6.476563,7.017578
406,0.000000,0.000000,6.158203,5.662109
407,0.000000,0.000000,5.560547,5.759766
408,0.000000,0.000000,6.046875,4.984375
409,0.000000,0.000000,5.406250,5.316406
410,0.000000,0.000000,5.505859,4.824219
411,0.000000,0.000000,5.603516,5.162109
412,0.000000,0.000000,5.169922,5.291016
413,0.000000,0.000000,5.646484,4.783203
414,0.000000,0.000000,5.507813,4.984375
415,0.000000,0.000000,5.699219,4.898438
416,0.000000,0.000000,5.306641,4.687500
417,0.000000,0.000000,5.955078,5.044922
418,0.000000,0.000000,5.931641,5.167969
419,0.000000,0.000000,6.236328,4.960938
420,0.000000,0.000000,5.701172,5.091797
421,0.000000,0.000000,5.904297,5.539063
422,0.000000,0.000000,5.878906,5.166016
423,0.000000,0.000000,5.775391,5.089844
424,0.000000,0.000000,5.791016,5.304688
425,0.000000,0.000000,5.572266,5.097656
426,0.000000,0.000000,5.958984,4.992188
427,0.000000,0.000000,5.505859,5.242188
428,0.000000,0.000000,5.597656,5.308594
429,0.000000,0.000000,6.242188,5.378906
430,0.000000,0.000000,6.574219,5.431641
431,0.000000,0.000000,6.312500,5.593750
432,0.000000,0.000000,6.306641,6.175781
433,0.000000,0.000000,6.552734,5.910156
434,0.000000,0.000000,6.470703,5.630859
435,0.000000,0.000000,6.410156,5.398438
436,0.000000,0.000000,6.937500,5.689453
437,0.000000,0.000000,6.056641,5.935547
438,0.000000,0.000000,6.123047,5.642578
439,0.000000,0.000000,6.664063,5.542969
440,0.000000,0.000000,6.427734,5.439453
441,0.000000,0.000000,6.648438,6.580078
442,0.000000,0.000000,6.857422,6.201172
443,0.000000,0.000000,6.519531,5.968750
444,0.000000,0.000000,6.523438,5.638672
445,0.000000,0.000000,7.179688,6.402344
446,0.000000,0.000000,6.207031,5.656250
447,0.000000,0.000000,6.427734,6.951172
448,0.000000,0.000000,6.675781,5.953125
449,0.000000,0.000000,6.626953,5.865234
450,0.000000,0.000000,6.410156,6.015625
451,0.000000,0.000000,6.660156,5.968750
452,0.000000,0.000000,6.486328,5.859375
453,0.000000,0.000000,6.623047,5.744141
454,0.000000,0.000000,6.767578,5.900391
455,0.000000,0.000000,6.556641,6.082031
456,0.000000,0.000000,7.935547,5.919922
457,0.000000,0.000000,7.390625,5.982422
458,0.000000,0.000000,7.365234,6.378906
459,0.000000,0.000000,7.207031,7.265625
460,0.000000,0.000000,7.349609,6.173828
461,0.000000,0.000000,6.933594,6.552734
462,0.000000,0.000000,7.228516,5.966797
463,0.000000,0.000000,7.351563,6.269531
464,0.000000,0.000000,7.910156,5.753906
465,0.000000,0.000000,7.753906,6.255859
466,0.000000,0.000000,7.666016,6.291016
467,0.000000,0.000000,7.302734,6.265625
468,0.000000,0.000000,7.644531,6.232422
469,0.000000,0.000000,7.228516,6.230469
470,0.000000,0.000000,7.296875,6.753906
471,0.000000,0.000000,7.576172,6.695313
472,0.000000,0.000000,7.132813,6.648438
473,0.000000,0.000000,7.423828,6.781250
474,0.000000,0.000000,8.531250,6.996094
475,0.000000,0.000000,8.703125,6.685547
476,0.000000,0.000000,7.912109,6.816406
477,0.000000,0.000000,7.943359,6.390625
478,0.000000,0.000000,7.892578,6.904297
479,0.000000,0.000000,7.554688,7.007813
480,0.000000,0.000000,7.474609,6.527344
481,0.000000,0.000000,7.630859,6.654297
482,0.000000,0.000000,7.365234,6.789063
483,0.000000,0.000000,8.158203,6.705078
484,0.000000,0.000000,9.212891,7.158203
485,0.000000,0.000000,9.126953,8.599609
486,0.000000,0.000000,12.498047,8.470703
487,0.000000,0.000000,10.560547,11.285156
488,0.000000,0.000000,11.658203,11.060547
489,0.000000,0.000000,8.482422,8.613281
490,0.000000,0.000000,9.910156,7.167969
491,0.000000,0.000000,9.927734,7.505859
492,0.000000,0.000000,9.267578,7.207031
493,0.000000,0.000000,10.142578,7.699219
494,0.000000,0.000000,9.878906,7.910156
495,0.000000,0.000000,9.582031,7.679688
496,0.000000,0.000000,8.453125,7.480469
497,0.000000,0.000000,9.978516,9.482422
498,0.000000,0.000000,8.468750,9.392578
499,0.000000,0.000000,7.699219,10.771484
500,0.000000,0.000000,9.984375,8.097656
501,0.000000,0.000000,8.044922,7.472656
502,0.000000,0.000000,8.759766,7.275391
503,0.000000,0.000000,8.142578,7.322266
504,0.000000,0.000000,8.261719,7.351563
505,0.000000,0.000000,8.074219,8.357422
506,0.000000,0.000000,8.638672,9.564453
507,0.000000,0.000000,9.126953,10.035156
508,0.000000,0.000000,9.191406,9.273438
509,0.000000,0.000000,9.923828,7.625000
510,0.000000,0.000000,9.271484,7.671875
511,0.000000,0.000000,8.828125,7.554688
512,0.000000,0.000000,8.736328,7.806641
513,0.000000,0.000000,9.535156,7.919922
514,0.000000,0.000000,9.185547,8.544922
515,0.000000,0.000000,8.695313,8.126953
516,0.000000,0.000000,8.855469,8.150391
517,0.000000,0.000000,8.898438,7.871094
518,0.000000,0.000000,9.101563,8.000000
519,0.000000,0.000000,8.468750,7.695313
520,0.000000,0.000000,8.439453,7.552734
521,0.000000,0.000000,8.609375,7.775391
522,0.000000,0.000000,9.367188,7.587891
523,0.000000,0.000000,8.460938,7.552734
524,0.000000,0.000000,9.263672,8.000000
525,0.000000,0.000000,8.837891,8.531250
526,0.000000,0.000000,8.779297,8.296875
527,0.000000,0.000000,9.412109,8.951172
528,0.000000,0.000000,9.294922,8.757813
529,0.000000,0.000000,9.353516,8.792969
530,0.000000,0.000000,11.072266,9.673828
531,0.000000,0.000000,9.546875,8.431641
532,0.000000,0.000000,9.533203,8.582031
533,0.000000,0.000000,9.726563,8.675781
534,0.000000,0.000000,9.562500,8.656250
535,0.000000,0.000000,9.558594,8.769531
536,0.000000,0.000000,9.601563,9.406250
537,0.000000,0.000000,10.886719,9.087891
538,0.000000,0.000000,9.830078,9.093750
539,0.000000,0.000000,11.154297,8.798828
540,0.000000,0.000000,11.167969,9.023438
541,0.000000,0.000000,10.132813,8.781250
542,0.000000,0.000000,10.203125,10.972656
543,0.000000,0.000000,11.886719,10.691406
544,0.000000,0.000000,14.007813,10.398438
545,0.000000,0.000000,10.068359,12.859375
546,0.000000,0.000000,10.558594,8.953125
547,0.000000,0.000000,9.765625,9.181641
548,0.000000,0.000000,9.960938,9.152344
549,0.000000,0.000000,10.359375,10.750000
550,0.000000,0.000000,9.507813,8.630859
551,0.000000,0.000000,10.175781,8.855469
552,0.000000,0.000000,9.904297,8.892578
553,0.000000,0.000000,10.238281,9.076172
554,0.000000,0.000000,10.121094,9.363281
555,0.000000,0.000000,10.015625,9.628906
556,0.000000,0.000000,13.216797,10.335938
557,0.000000,0.000000,11.042969,9.662109
558,0.000000,0.000000,10.283203,9.521484
559,0.000000,0.000000,10.671875,10.023438
560,0.000000,0.000000,10.132813,9.287109
561,0.000000,0.000000,10.679688,9.589844
562,0.000000,0.000000,10.695313,9.783203
563,0.000000,0.000000,10.287109,9.710938
564,0.000000,0.000000,10.439453,9.621094
565,0.000000,0.000000,10.845703,9.734375
566,0.000000,0.000000,10.800781,9.697266
567,0.000000,0.000000,10.796875,10.820313
568,0.000000,0.000000,11.818359,10.242188
569,0.000000,0.000000,10.861328,9.980469
570,0.000000,0.000000,10.376953,10.583984
571,0.000000,0.000000,10.525391,10.705078
572,0.000000,0.000000,10.513672,9.791016
573,0.000000,0.000000,11.111328,9.679688
574,0.000000,0.000000,11.425781,10.351563
575,0.000000,0.000000,12.236328,10.146484
576,0.000000,0.000000,11.615234,9.853516
577,0.000000,0.000000,10.906250,9.976563
578,0.000000,0.000000,12.580078,10.148438
579,0.000000,0.000000,12.814453,10.708984
580,0.000000,0.000000,11.521484,10.117188
581,0.000000,0.000000,11.058594,10.429688
582,0.000000,0.000000,11.265625,10.285156
583,0.000000,0.000000,11.812500,10.771484
584,0.000000,0.000000,11.443359,10.361328
585,0.000000,0.000000,11.441406,10.453125
586,0.000000,0.000000,11.320313,10.544922
587,0.000000,0.000000,11.937500,10.855469
588,0.000000,0.000000,12.064453,10.851563
589,0.000000,0.000000,11.728516,11.246094
590,0.000000,0.000000,11.955078,11.933594
591,0.000000,0.000000,12.787109,11.529297
592,0.000000,0.000000,11.597656,10.851563
593,0.000000,0.000000,11.732422,10.480469
594,0.000000,0.000000,11.548828,10.800781
595,0.000000,0.000000,11.218750,10.718750
596,0.000000,0.000000,11.853516,10.781250
597,0.000000,0.000000,11.173828,10.736328
598,0.000000,0.000000,12.335938,11.085938
599,0.000000,0.000000,12.134766,10.701172
600,0.000000,0.000000,11.720703,11.847656
601,0.000000,0.000000,11.871094,11.333984
602,0.000000,0.000000,12.121094,11.306641
603,0.000000,0.000000,11.570313,10.601563
604,0.000000,0.000000,13.876953,13.013672
605,0.000000,0.000000,11.443359,10.802734
606,0.000000,0.000000,12.863281,11.384766
607,0.000000,0.000000,12.769531,11.912109
608,0.000000,0.000000,13.175781,11.900391
609,0.000000,0.000000,12.708984,12.449219
610,0.000000,0.000000,12.765625,11.578125
611,0.000000,0.000000,12.255859,11.511719
612,0.000000,0.000000,12.101563,11.175781
613,0.000000,0.000000,12.259766,12.035156
614,0.000000,0.000000,12.052734,11.525391
615,0.000000,0.000000,12.638672,12.134766
616,0.000000,0.000000,12.441406,11.550781
617,0.000000,0.000000,13.480469,12.027344
618,0.000000,0.000000,13.787109,11.763672
619,0.000000,0.000000,12.787109,11.740234
620,0.000000,0.000000,12.375000,12.431641
621,0.000000,0.000000,13.109375,11.757813
622,0.000000,0.000000,12.902344,11.689453
623,0.000000,0.000000,12.925781,12.011719
624,0.000000,0.000000,13.187500,11.476563
625,0.000000,0.000000,13.078125,11.841797
626,0.000000,0.000000,12.751953,11.916016
627,0.000000,0.000000,13.136719,11.728516
628,0.000000,0.000000,12.289063,11.884766
629,0.000000,0.000000,12.812500,11.562500
630,0.000000,0.000000,12.681641,11.593750
631,0.000000,0.000000,12.775391,11.841797
632,0.000000,0.000000,12.871094,11.871094
633,0.000000,0.000000,14.273438,13.652344
634,0.000000,0.000000,14.386719,12.357422
635,0.000000,0.000000,12.724609,12.443359
636,0.000000,0.000000,13.253906,12.101563
637,0.000000,0.000000,13.142578,13.199219
638,0.000000,0.000000,13.210938,12.140625
639,0.000000,0.000000,13.371094,12.031250
640,0.000000,0.000000,12.962891,12.263672
641,0.000000,0.000000,13.371094,12.109375
642,0.000000,0.000000,13.871094,13.119141
643,0.000000,0.000000,13.738281,12.802734
644,0.000000,0.000000,14.142578,13.083984
645,0.000000,0.000000,13.607422,12.294922
646,0.000000,0.000000,14.068359,12.929688
647,0.000000,0.000000,13.679688,12.757813
648,0.000000,0.000000,13.091797,12.236328
649,0.000000,0.000000,13.310547,12.521484
650,0.000000,0.000000,13.136719,12.832031
651,0.000000,0.000000,13.984375,12.714844
652,0.000000,0.000000,13.677734,13.398438
653,0.000000,0.000000,13.451172,13.261719
654,0.000000,0.000000,13.615234,12.708984
655,0.000000,0.000000,13.675781,12.632813
656,0.000000,0.000000,14.097656,12.316406
657,0.000000,0.000000,13.902344,12.687500
658,0.000000,0.000000,13.628906,13.177734
659,0.000000,0.000000,14.359375,12.703125
660,0.000000,0.000000,14.630859,14.230469
661,0.000000,0.000000,14.585938,13.001953
662,0.000000,0.000000,14.445313,13.496094
663,0.000000,0.000000,14.255859,12.787109
664,0.000000,0.000000,13.755859,12.636719
665,0.000000,0.000000,14.207031,12.880859
666,0.000000,0.000000,14.298828,12.816406
667,0.000000,0.000000,14.107422,12.835938
668,0.000000,0.000000,14.646484,13.408203
669,0.000000,0.000000,14.357422,13.285156
670,0.000000,0.000000,14.658203,13.609375
671,0.000000,0.000000,15.439453,13.203125
672,0.000000,0.000000,14.003906,12.773438
673,0.000000,0.000000,13.714844,12.992188
674,0.000000,0.000000,14.292969,12.982422
675,0.000000,0.000000,14.593750,13.132813
676,0.000000,0.000000,14.339844,13.121094
677,0.000000,0.000000,14.183594,13.412109
678,0.000000,0.000000,15.318359,13.449219
679,0.000000,0.000000,14.095703,13.390625
680,0.000000,0.000000,17.486328,15.021484
681,0.000000,0.000000,14.480469,14.154297
682,0.000000,0.000000,15.203125,13.570313
683,0.000000,0.000000,14.474609,13.773438
684,0.000000,0.000000,14.558594,14.203125
685,0.000000,0.000000,14.355469,13.498047
686,0.000000,0.000000,14.275391,13.759766
687,0.000000,0.000000,14.658203,13.646484
688,0.000000,0.000000,14.294922,13.435547
689,0.000000,0.000000,16.476563,15.625000
690,0.000000,0.000000,14.798828,14.226563
691,0.000000,0.000000,14.626953,13.527344
692,0.000000,0.000000,15.041016,13.955078
693,0.000000,0.000000,15.349609,14.236328
694,0.000000,0.000000,15.525391,15.236328
695,0.000000,0.000000,15.261719,14.072266
696,0.000000,0.000000,14.880859,14.451172
697,0.000000,0.000000,17.410156,14.732422
698,0.000000,0.000000,16.015625,17.046875
699,0.000000,0.000000,19.656250,16.781250
700,0.000000,0.000000,19.263672,15.871094
701,0.000000,0.000000,16.775391,14.351563
702,0.000000,0.000000,15.968750,15.039063
703,0.000000,0.000000,17.921875,19.255859
704,0.000000,0.000000,20.841797,22.957031
705,0.000000,0.000000,18.335938,17.707031
706,0.000000,0.000000,23.611328,17.818359
707,0.000000,0.000000,16.785156,16.000000
708,0.000000,0.000000,17.812500,15.611328
709,0.000000,0.000000,17.972656,16.042969
710,0.000000,0.000000,17.259766,15.619141
711,0.000000,0.000000,16.892578,15.882813
712,0.000000,0.000000,17.095703,15.693359
713,0.000000,0.000000,17.945313,16.320313
714,0.000000,0.000000,17.501953,18.134766
715,0.000000,0.000000,17.740234,19.115234
716,0.000000,0.000000,20.671875,20.025391
717,0.000000,0.000000,18.257813,16.460938
718,0.000000,0.000000,18.644531,17.925781
719,0.000000,0.000000,18.060547,17.773438
720,0.000000,0.000000,17.759766,18.244141
721,0.000000,0.000000,22.148438,18.066406
722,0.000000,0.000000,18.191406,16.458984
723,0.000000,0.000000,17.066406,17.099609
724,0.000000,0.000000,18.390625,18.011719
725,0.000000,0.000000,18.326172,17.431641
726,0.000000,0.000000,21.091797,18.748047
727,0.000000,0.000000,18.322266,16.300781
728,0.000000,0.000000,17.675781,15.914063
729,0.000000,0.000000,17.794922,16.023438
730,0.000000,0.000000,18.312500,17.111328
731,0.000000,0.000000,18.939453,22.314453
732,0.000000,0.000000,28.486328,20.226563
733,0.000000,0.000000,22.132813,18.785156
734,0.000000,0.000000,17.720703,15.978516
735,0.000000,0.000000,18.167969,16.748047
736,0.000000,0.000000,17.531250,16.097656
737,0.000000,0.000000,17.710938,16.859375
738,0.000000,0.000000,18.273438,16.416016
739,0.000000,0.000000,17.240234,16.316406
740,0.000000,0.000000,17.953125,16.634766
741,0.000000,0.000000,18.269531,16.634766
742,0.000000,0.000000,17.832031,16.455078
743,0.000000,0.000000,17.652344,16.244141
744,0.000000,0.000000,17.503906,17.244141
745,0.000000,0.000000,19.382813,15.902344
746,0.000000,0.000000,17.244141,16.152344
747,0.000000,0.000000,18.126953,16.787109
748,0.000000,0.000000,18.687500,16.970703
749,0.000000,0.000000,18.242188,16.664063
750,0.000000,0.000000,17.671875,16.478516
751,0.000000,0.000000,17.742188,16.697266
752,0.000000,0.000000,18.041016,17.580078
753,0.000000,0.000000,20.455078,16.216797
754,0.000000,0.000000,17.246094,16.246094
755,0.000000,0.000000,17.525391,16.603516
756,0.000000,0.000000,17.132813,16.212891
757,0.000000,0.000000,17.712891,16.210938
758,0.000000,0.000000,17.849609,16.167969
759,0.000000,0.000000,17.775391,16.080078
760,0.000000,0.000000,18.085938,16.378906
761,0.000000,0.000000,18.943359,17.369141
762,0.000000,0.000000,18.955078,16.302734
763,0.000000,0.000000,17.550781,16.410156
764,0.000000,0.000000,17.144531,16.531250
765,0.000000,0.000000,17.484375,17.060547
766,0.000000,0.000000,17.960938,18.019531
767,0.000000,0.000000,18.433594,16.353516
768,0.000000,0.000000,17.451172,16.958984
769,0.000000,0.000000,18.228516,17.953125
770,0.000000,0.000000,18.583984,16.933594
771,0.000000,0.000000,17.912109,16.472656
772,0.000000,0.000000,17.949219,17.175781
773,0.000000,0.000000,17.830078,17.546875
774,0.000000,0.000000,18.498047,17.990234
775,0.000000,0.000000,17.910156,16.650391
776,0.000000,0.000000,17.419922,16.722656
777,0.000000,0.000000,17.593750,16.669922
778,0.000000,0.000000,17.908203,18.388672
779,0.000000,0.000000,19.757813,16.886719
780,0.000000,0.000000,18.730469,17.160156
781,0.000000,0.000000,18.937500,17.371094
782,0.000000,0.000000,18.216797,16.318359
783,0.000000,0.000000,18.167969,16.855469
784,0.000000,0.000000,18.259766,16.785156
785,0.000000,0.000000,18.791016,17.728516
786,0.000000,0.000000,19.080078,18.041016
787,0.000000,0.000000,19.576172,18.113281
788,0.000000,0.000000,19.054688,17.158203
789,0.000000,0.000000,19.644531,17.839844
790,0.000000,0.000000,19.390625,17.884766
791,0.000000,0.000000,18.611328,17.421875
792,0.000000,0.000000,19.392578,17.876953
793,0.000000,0.000000,18.898438,17.476563
794,0.000000,0.000000,18.322266,17.179688
795,0.000000,0.000000,18.550781,17.291016
796,0.000000,0.000000,18.826172,18.187500
797,0.000000,0.000000,18.625000,17.892578
798,0.000000,0.000000,19.035156,17.871094
799,0.000000,0.000000,18.738281,17.558594
800,0.000000,0.000000,18.800781,17.328125
801,0.000000,0.000000,18.861328,17.925781
802,0.000000,0.000000,18.640625,19.181641
803,0.000000,0.000000,18.880859,18.554688
804,0.000000,0.000000,18.871094,18.919922
805,0.000000,0.000000,19.394531,18.203125
806,0.000000,0.000000,19.777344,18.187500
807,0.000000,0.000000,20.003906,18.304688
808,0.000000,0.000000,19.671875,19.277344
809,0.000000,0.000000,20.947266,18.582031
810,0.000000,0.000000,19.986328,18.470703
811,0.000000,0.000000,20.380859,18.160156
812,0.000000,0.000000,20.023438,18.361328
813,0.000000,0.000000,19.636719,18.980469
814,0.000000,0.000000,19.783203,18.705078
815,0.000000,0.000000,21.470703,18.529297
816,0.000000,0.000000,20.578125,19.568359
817,0.000000,0.000000,19.855469,18.611328
818,0.000000,0.000000,20.054688,18.353516
819,0.000000,0.000000,19.523438,18.820313
820,0.000000,0.000000,19.605469,18.935547
821,0.000000,0.000000,19.720703,19.103516
822,0.000000,0.000000,19.501953,19.457031
823,0.000000,0.000000,20.208984,19.347656
824,0.000000,0.000000,19.802734,18.503906
825,0.000000,0.000000,19.796875,20.070313
826,0.000000,0.000000,20.330078,20.023438
827,0.000000,0.000000,20.189453,18.873047
828,0.000000,0.000000,20.189453,19.085938
829,0.000000,0.000000,20.759766,18.496094
830,0.000000,0.000000,20.214844,19.150391
831,0.000000,0.000000,19.808594,18.550781
832,0.000000,0.000000,20.964844,19.019531
833,0.000000,0.000000,20.580078,23.404297
834,0.000000,0.000000,21.511719,18.958984
835,0.000000,0.000000,20.648438,19.101563
836,0.000000,0.000000,20.937500,19.207031
837,0.000000,0.000000,21.103516,19.472656
838,0.000000,0.000000,21.519531,20.281250
839,0.000000,0.000000,21.054688,20.751953
840,0.000000,0.000000,20.986328,19.046875
841,0.000000,0.000000,20.939453,20.882813
842,0.000000,0.000000,21.427734,20.046875
843,0.000000,0.000000,20.810547,20.283203
844,0.000000,0.000000,21.787109,20.824219
845,0.000000,0.000000,21.095703,19.820313
846,0.000000,0.000000,21.279297,19.738281
847,0.000000,0.000000,20.748047,19.660156
848,0.000000,0.000000,21.478516,20.011719
849,0.000000,0.000000,20.990234,20.177734
850,0.000000,0.000000,20.878906,19.902344
851,0.000000,0.000000,21.425781,19.292969
852,0.000000,0.000000,20.988281,20.244141
853,0.000000,0.000000,21.671875,19.978516
854,0.000000,0.000000,21.652344,19.679688
855,0.000000,0.000000,22.085938,20.439453
856,0.000000,0.000000,21.505859,20.208984
857,0.000000,0.000000,21.630859,19.777344
858,0.000000,0.000000,22.099609,21.171875
859,0.000000,0.000000,22.199219,20.718750
860,0.000000,0.000000,22.039063,21.474609
861,0.000000,0.000000,22.160156,20.519531
862,0.000000,0.000000,22.509766,20.642578
863,0.000000,0.000000,22.130859,20.755859
864,0.000000,0.000000,22.765625,21.451172
865,0.000000,0.000000,25.451172,22.525391
866,0.000000,0.000000,22.250000,31.658203
867,0.000000,0.000000,21.695313,20.480469
868,0.000000,0.000000,22.187500,21.125000
869,0.000000,0.000000,21.876953,20.228516
870,0.000000,0.000000,22.035156,20.904297
871,0.000000,0.000000,21.826172,20.998047
872,0.000000,0.000000,21.541016,20.552734
873,0.000000,0.000000,21.664063,20.386719
874,0.000000,0.000000,22.039063,21.300781
875,0.000000,0.000000,21.873047,21.748047
876,0.000000,0.000000,23.212891,20.777344
877,0.000000,0.000000,22.140625,21.390625
878,0.000000,0.000000,22.171875,21.373047
879,0.000000,0.000000,23.207031,21.347656
880,0.000000,0.000000,23.185547,22.615234
881,0.000000,0.000000,23.166016,22.195313
882,0.000000,0.000000,23.429688,21.601563
883,0.000000,0.000000,24.406250,21.625000
884,0.000000,0.000000,23.771484,21.873047
885,0.000000,0.000000,24.169922,21.855469
886,0.000000,0.000000,24.068359,21.609375
887,0.000000,0.000000,24.130859,22.816406
888,0.000000,0.000000,24.001953,21.783203
889,0.000000,0.000000,22.894531,22.169922
890,0.000000,0.000000,23.638672,22.132813
891,0.000000,0.000000,23.833984,21.367188
892,0.000000,0.000000,22.730469,21.890625
893,0.000000,0.000000,24.884766,25.753906
894,0.000000,0.000000,22.730469,21.773438
895,0.000000,0.000000,23.521484,22.230469
896,0.000000,0.000000,23.359375,23.281250
897,0.000000,0.000000,23.552734,22.443359
898,0.000000,0.000000,23.123047,21.927734
899,0.000000,0.000000,23.519531,22.369141
900,0.000000,0.000000,24.126953,22.091797
901,0.000000,0.000000,24.134766,22.673828
902,0.000000,0.000000,24.376953,22.552734
903,0.000000,0.000000,24.201172,22.496094
904,0.000000,0.000000,24.691406,21.957031
905,0.000000,0.000000,24.623047,22.169922
906,0.000000,0.000000,24.220703,22.535156
907,0.000000,0.000000,24.398438,22.076172
908,0.000000,0.000000,24.275391,22.486328
909,0.000000,0.000000,27.792969,23.398438
910,0.000000,0.000000,24.308594,22.468750
911,0.000000,0.000000,25.355469,23.072266
912,0.000000,0.000000,24.324219,22.486328
913,0.000000,0.000000,24.320313,22.609375
914,0.000000,0.000000,24.119141,23.886719
915,0.000000,0.000000,24.179688,23.550781
916,0.000000,0.000000,24.238281,22.888672
917,0.000000,0.000000,24.472656,23.060547
918,0.000000,0.000000,24.207031,23.406250
919,0.000000,0.000000,24.255859,23.035156
920,0.000000,0.000000,23.677734,22.761719
921,0.000000,0.000000,24.052734,22.462891
922,0.000000,0.000000,23.912109,23.486328
923,0.000000,0.000000,25.335938,23.300781
924,0.000000,0.000000,26.539063,23.181641
925,0.000000,0.000000,25.177734,23.222656
926,0.000000,0.000000,29.062500,27.269531
927,0.000000,0.000000,30.410156,31.107422
928,0.000000,0.000000,32.765625,27.658203
929,0.000000,0.000000,33.042969,30.419922
930,0.000000,0.000000,30.310547,29.861328
931,0.000000,0.000000,29.552734,26.582031
932,0.000000,0.000000,25.349609,23.435547
933,0.000000,0.000000,25.554688,23.433594
934,0.000000,0.000000,24.523438,23.244141
935,0.000000,0.000000,24.677734,23.164063
936,0.000000,0.000000,24.353516,23.695313
937,0.000000,0.000000,26.138672,23.898438
938,0.000000,0.000000,25.015625,23.619141
939,0.000000,0.000000,27.990234,28.447266
940,0.000000,0.000000,28.783203,35.015625
941,0.000000,0.000000,36.083984,32.962891
942,0.000000,0.000000,33.667969,30.587891
943,0.000000,0.000000,30.298828,31.976563
944,0.000000,0.000000,33.312500,28.060547
945,0.000000,0.000000,30.398438,26.810547
946,0.000000,0.000000,26.812500,24.976563
947,0.000000,0.000000,29.896484,25.949219
948,0.000000,0.000000,26.587891,24.488281
949,0.000000,0.000000,26.457031,25.150391
950,0.000000,0.000000,26.046875,25.158203
951,0.000000,0.000000,26.673828,25.281250
952,0.000000,0.000000,27.115234,26.001953
953,0.000000,0.000000,26.853516,25.960938
954,0.000000,0.000000,27.576172,26.294922
955,0.000000,0.000000,28.482422,25.587891
956,0.000000,0.000000,26.802734,25.376953
957,0.000000,0.000000,27.039063,25.468750
958,0.000000,0.000000,27.068359,25.441406
959,0.000000,0.000000,27.722656,25.429688
960,0.000000,0.000000,27.621094,24.958984
961,0.000000,0.000000,27.339844,25.398438
962,0.000000,0.000000,31.291016,28.126953
963,0.000000,0.000000,33.246094,27.947266
964,0.000000,0.000000,33.490234,32.921875
965,0.000000,0.000000,37.839844,36.958984
966,0.000000,0.000000,32.351563,30.654297
967,0.000000,0.000000,32.611328,32.800781
968,0.000000,0.000000,34.203125,32.591797
969,0.000000,0.000000,33.001953,33.458984
970,0.000000,0.000000,30.117188,28.419922
971,0.000000,0.000000,31.917969,27.740234
972,0.000000,0.000000,28.529297,33.136719
973,0.000000,0.000000,36.958984,32.232422
974,0.000000,0.000000,33.791016,31.595703
975,0.000000,0.000000,35.861328,31.021484
976,0.000000,0.000000,32.296875,26.345703
977,0.000000,0.000000,29.935547,27.189453
978,0.000000,0.000000,29.708984,27.160156
979,0.000000,0.000000,29.623047,26.949219
980,0.000000,0.000000,30.628906,26.740234
981,0.000000,0.000000,29.712891,27.898438
982,0.000000,0.000000,30.136719,26.826172
983,0.000000,0.000000,29.847656,26.593750
984,0.000000,0.000000,28.246094,30.187500
985,0.000000,0.000000,34.386719,29.822266
986,0.000000,0.000000,29.365234,26.837891
987,0.000000,0.000000,28.814453,27.611328
988,0.000000,0.000000,29.048828,27.652344
989,0.000000,0.000000,29.667969,27.587891
990,0.000000,0.000000,29.460938,27.416016
991,0.000000,0.000000,30.099609,27.615234
992,0.000000,0.000000,30.767578,27.777344
993,0.000000,0.000000,30.687500,28.480469
994,0.000000,0.000000,30.136719,27.816406
995,0.000000,0.000000,30.699219,28.263672
996,0.000000,0.000000,33.929688,28.060547
997,0.000000,0.000000,31.496094,33.884766
998,0.000000,0.000000,33.996094,34.361328
999,0.000000,0.000000,36.109375,38.509766
